{
  "train_loss": [
    1.9364625740293935,
    1.916237758012825,
    1.8753483504739425,
    1.816947152293062,
    1.7717796997866255,
    1.713585376132839,
    1.6822977900201734,
    1.6311352932422822,
    1.597671996242824,
    1.5633912295785568,
    1.532573392979668,
    1.511567729120036,
    1.5031249726394964,
    1.4759297822874617,
    1.4701580267219447,
    1.4517344929486438,
    1.4362800414022294,
    1.425673761743929,
    1.403481237154274,
    1.3858014634850675,
    1.3811194599433103,
    1.3802648355032652,
    1.3729387539943665,
    1.358038752588607,
    1.3450323423659831,
    1.3443635888682066,
    1.338334308022458,
    1.3221475626069474,
    1.3111521779125883,
    1.312454686213389,
    1.2945187973005474,
    1.2799870089720224,
    1.279121936125913,
    1.2730274223189317,
    1.2614640114264937,
    1.2552815329937534,
    1.2519102589471347,
    1.2391591900177585,
    1.2497710421795154,
    1.223989342915193,
    1.2144731202805013,
    1.2152869895517675,
    1.219142822060573,
    1.2016432204925984,
    1.1929214965296155,
    1.1866613479364312,
    1.17823695620811,
    1.1637052631256841,
    1.1692223770321173,
    1.147861827724156
  ],
  "train_acc": [
    18.461599713341563,
    20.651351674164907,
    25.548433332006212,
    27.805868535255005,
    31.970378628020864,
    34.45873312895648,
    35.888043954293906,
    37.18995102918342,
    38.79444201138671,
    40.04857267985826,
    40.82892065135167,
    41.672970498069034,
    42.023330811800776,
    42.88728749452562,
    43.361070191503764,
    43.25755464426484,
    44.61520085997532,
    44.66297726639328,
    45.80164828602142,
    46.13608313094717,
    46.219691842178605,
    46.25950551419358,
    46.96420750885854,
    47.39817653382171,
    47.32651192419477,
    47.77242505076243,
    48.206394075725605,
    48.787673687144164,
    49.57996576024207,
    49.17784767289087,
    50.340406895727995,
    51.025202054385474,
    50.89779830393757,
    50.268742286101045,
    51.40343193852769,
    50.96548154636302,
    51.3875064697217,
    52.47043834852889,
    51.81351276028188,
    52.76904088864116,
    52.860612334275594,
    52.92431420949954,
    53.53744475853008,
    54.14261257315762,
    53.71262491539595,
    54.05104112752319,
    54.8393518334196,
    54.787594059800135,
    55.18174941274834,
    55.53609109368157
  ],
  "val_loss": [
    1.898625043400547,
    1.945953511355216,
    1.777233414482652,
    1.7645520996629147,
    1.6235193725217854,
    1.5078232100135402,
    1.4482168837597496,
    1.4195477711526971,
    1.3132195420432509,
    1.3334038801360548,
    1.3619432663708402,
    1.27817085751316,
    1.2815325197420622,
    1.261934849253872,
    1.244455724954605,
    1.2377558329649139,
    1.2197470529037608,
    1.2289454801040782,
    1.198517522268128,
    1.2475956176456653,
    1.159885755756445,
    1.2513140670040197,
    1.1391234214891468,
    1.1539838010804695,
    1.1641352427633185,
    1.1421552833757902,
    1.124588561162614,
    1.2278266570024323,
    1.1705538165151028,
    1.0881364042298836,
    1.381116143966976,
    1.1530480949502242,
    1.1028704868074048,
    1.068460502122578,
    1.0642861242879902,
    1.0527188908635525,
    1.0741666727944423,
    1.0703585179228532,
    1.05652989525544,
    1.0353430201087082,
    1.042094461227718,
    1.0508600086496587,
    1.0414818253433495,
    1.1635550584709435,
    1.011897488121401,
    1.017001640901231,
    1.0426164468129475,
    1.1244398894017202,
    1.1571789352517379,
    1.0783176876996692
  ],
  "val_acc": [
    17.87305122494432,
    19.042316258351892,
    31.597995545657014,
    31.87639198218263,
    37.360801781737194,
    43.59688195991091,
    44.32071269487751,
    44.209354120267264,
    47.91202672605791,
    45.96325167037862,
    47.18819599109131,
    48.99777282850779,
    49.88864142538976,
    51.00222717149221,
    50.974387527839646,
    52.53340757238308,
    51.3641425389755,
    52.03229398663697,
    53.34075723830735,
    52.11581291759465,
    55.20601336302895,
    52.03229398663697,
    55.428730512249444,
    55.707126948775056,
    54.8162583518931,
    55.98552338530067,
    56.542316258351896,
    53.11804008908686,
    53.424276169265035,
    58.29621380846325,
    50.72383073496659,
    55.92984409799555,
    57.76726057906459,
    59.632516703786195,
    59.270601336302896,
    59.799554565701555,
    59.4097995545657,
    59.632516703786195,
    59.49331848552338,
    60.24498886414254,
    59.88307349665924,
    61.55345211581292,
    61.77616926503341,
    56.65367483296214,
    62.165924276169264,
    62.555679287305125,
    60.57906458797327,
    60.38418708240535,
    58.49109131403118,
    61.16369710467706
  ]
}