{
  "train_loss": [
    1.9413618695644932,
    1.925079476742344,
    1.9137537564333462,
    1.9094054183280498,
    1.9022235224265178,
    1.8921661747017586,
    1.8751407142813878,
    1.8659773385555083,
    1.8538010778621257,
    1.8422077560546137,
    1.8362340766358314,
    1.8267417460604176,
    1.8219686391699406,
    1.8200543114853875,
    1.8038661607349191,
    1.799843168440666,
    1.7958651298785027,
    1.7901098303515797,
    1.780098959689832,
    1.7694851220715744,
    1.7597513911681624,
    1.7480245382731197,
    1.735652966657061,
    1.7247477417987116,
    1.7155796632208593,
    1.698948681202857,
    1.6906673325837114,
    1.6834032159421888,
    1.671046789062539,
    1.6699003745581358,
    1.6619049929480516,
    1.6490135053338593,
    1.6324749450950526,
    1.6228823528338328,
    1.607499223022364,
    1.6086969272477634,
    1.605786213741351,
    1.584304727367469,
    1.5973290945130754,
    1.5851189377350359,
    1.5625116124407936,
    1.5680551847428765,
    1.5560831929587833,
    1.5502404156531997,
    1.5447824152978018,
    1.5248698257004638,
    1.5187761163286884,
    1.5301389524348212,
    1.5217134239716081,
    1.5131919735867254
  ],
  "train_acc": [
    17.76087908587809,
    19.48082971692479,
    20.71505354938886,
    20.500059720508023,
    22.54250109487598,
    24.350041804355616,
    23.33877453517538,
    24.97909782219214,
    25.492694191185254,
    27.180793884619977,
    26.555719233984952,
    27.061352868575067,
    25.476768722379266,
    27.30819763506788,
    28.43492455309153,
    27.415694549508302,
    28.09252697376279,
    27.957160488911892,
    28.558346936337937,
    29.462117291077757,
    29.68109248716009,
    30.779949834773262,
    31.50854003264721,
    31.759366166341522,
    31.91065811999841,
    32.882111717163674,
    32.87813034996218,
    33.714217462276544,
    34.25170203447864,
    34.84094438030019,
    35.0997332483975,
    34.168093323247206,
    35.43814946052474,
    35.73277063343552,
    36.71616833220528,
    36.54895090974241,
    36.883385754668154,
    37.39300075645977,
    37.532348608512166,
    37.400963490862765,
    39.12489548911096,
    39.70219373332802,
    39.57877135008162,
    40.75327467452323,
    40.28745471194808,
    41.135485925866945,
    41.047895847434006,
    41.25890830911335,
    41.14344866026994,
    41.728709638889995
  ],
  "val_loss": [
    1.8961034072072882,
    1.8623090062225074,
    1.8974334273421973,
    1.8527097702026367,
    1.8746582374238132,
    1.858766244168867,
    1.8452130577020478,
    1.9368737611854285,
    1.9296015746760786,
    1.755636924191525,
    1.7505022601077431,
    1.7585714522160982,
    1.6906598471758658,
    1.692637610853764,
    1.7054506341616313,
    1.6844758276353802,
    1.660817725616589,
    1.8666250857344844,
    1.6246060990450675,
    1.7058677589684201,
    1.583816479172623,
    1.7342684038898402,
    1.703536846135792,
    1.5655000293463992,
    1.5653229585865087,
    1.5278639929336415,
    1.5385136897103828,
    1.602820170553107,
    1.4722262479757007,
    1.494234914319557,
    1.4412716679405748,
    1.4619030230923702,
    1.542334823231948,
    1.3786031237819738,
    1.4033108656866509,
    1.3835686947170056,
    1.3973853828614218,
    1.3872751300795036,
    1.3522374243067021,
    1.3545129748812892,
    1.3089025135625874,
    1.420723861769626,
    1.2654420001464977,
    1.357568831820237,
    1.3409985962666964,
    1.2427400737478023,
    1.2827390861092953,
    1.2679579874925446,
    1.3027953955165126,
    1.272140839120798
  ],
  "val_acc": [
    20.684855233853007,
    25.361915367483295,
    18.73608017817372,
    29.175946547884188,
    24.665924276169264,
    29.092427616926503,
    28.619153674832962,
    23.21826280623608,
    22.438752783964365,
    31.98775055679287,
    33.74164810690423,
    32.906458797327396,
    34.771714922049,
    35.105790645879736,
    33.713808463251674,
    36.636971046770604,
    37.66703786191537,
    26.14142538975501,
    37.77839643652561,
    34.82739420935412,
    40.283964365256125,
    33.797327394209354,
    34.13140311804009,
    39.05902004454343,
    40.25612472160356,
    41.42538975501114,
    40.5902004454343,
    35.96881959910913,
    43.26280623608018,
    42.53897550111358,
    43.73608017817372,
    44.097995545657014,
    41.286191536748326,
    46.88195991091314,
    45.26726057906459,
    46.575723830734965,
    44.65478841870824,
    47.16035634743875,
    46.937639198218264,
    46.68708240534521,
    50.02783964365256,
    45.657015590200444,
    51.97661469933185,
    48.6358574610245,
    48.134743875278396,
    52.03229398663697,
    51.00222717149221,
    50.91870824053452,
    49.220489977728285,
    50.02783964365256
  ]
}