{
  "train_loss": [
    1.9431046390048117,
    1.916467778251978,
    1.8974094597134579,
    1.882589961736257,
    1.8727765074213043,
    1.862496717892227,
    1.844972400568217,
    1.8471929211046252,
    1.8247794889615085,
    1.8219662986638891,
    1.8096072528198475,
    1.786993366464707,
    1.788819170180168,
    1.7601384582713664,
    1.7486883465570349,
    1.7364411205432493,
    1.7218854254438678,
    1.7097949881590049,
    1.7016845753478034,
    1.6931694524585443,
    1.6828668290422162,
    1.673539546003172,
    1.6533278894181773,
    1.664072915191262,
    1.6426513971566548,
    1.629219840501101,
    1.6252748661368859,
    1.6091822033923395,
    1.6248700515611179,
    1.6105665223289083,
    1.6025141978081856,
    1.5811339992906603,
    1.5788942396489112,
    1.5686247973648344,
    1.5589403460043987,
    1.5290244083671474,
    1.510532825199399,
    1.51078129360694,
    1.507071859660646,
    1.5015428929231853,
    1.49580101111463,
    1.497228326081623,
    1.4809118272694013,
    1.4814004779771994,
    1.4809801399556128,
    1.4706405216197629,
    1.471996183917116,
    1.4582708148859234,
    1.4542790514822224,
    1.4456676014203758
  ],
  "train_acc": [
    17.474220647370306,
    20.603575267746944,
    23.024246526257116,
    24.549110164430466,
    25.687781184058604,
    26.579607437193932,
    27.49532189353824,
    28.204005255404706,
    29.462117291077757,
    29.398415415853805,
    30.274316200183144,
    30.931241788430146,
    30.65254608432536,
    32.20527929290918,
    32.81442847473823,
    33.252378866902895,
    32.9736831627981,
    33.845602579925945,
    33.47135406298523,
    34.50650953537445,
    34.47067723056097,
    34.93251582593462,
    35.768602938248996,
    36.2941434088466,
    36.72811243380977,
    36.811721145041204,
    37.40494485806426,
    37.8827089222439,
    38.141497790341205,
    37.918541227057375,
    37.99020583668432,
    39.04128677787952,
    39.3359079507903,
    38.882032089819646,
    38.92184576183461,
    40.868734323366645,
    41.39029342676275,
    41.66500776366604,
    41.96361030377832,
    42.31397061751005,
    42.01934944459928,
    42.413504797547475,
    43.373014293108255,
    43.02265397937652,
    43.33320062109328,
    43.21774097224987,
    43.40088386351873,
    44.01401441254927,
    44.26484054624358,
    44.260859179042086
  ],
  "val_loss": [
    1.8925765146288955,
    1.9487049767845555,
    1.821342947190268,
    1.7970884756038064,
    1.8036351580368846,
    1.7252856325684933,
    1.8090704062528777,
    1.6748570454748053,
    1.7377965533942508,
    1.7349026475036353,
    1.6441207977763392,
    1.6803607626965171,
    1.5984962174766941,
    1.5882472218128674,
    1.5020674770338494,
    1.553552530313793,
    1.4905022121312326,
    1.498375956426587,
    1.4776970681391264,
    1.4709953226541217,
    1.451212489814089,
    1.423919045088584,
    1.416988638409397,
    1.4043966259872704,
    1.40643425677952,
    1.428666845748299,
    1.409889878411042,
    1.4041721460066343,
    1.3748376840039302,
    1.5563179092449055,
    1.3893763140628212,
    1.3929684298080311,
    1.5945798880175541,
    1.3441015000928913,
    1.3946412644888226,
    1.293803373972575,
    1.2950567571740401,
    1.2946688726282956,
    1.3072204537558973,
    1.2903889898668255,
    1.2759333848953247,
    1.2259210431784915,
    1.246756282814762,
    1.2425452669461567,
    1.2372384013836843,
    1.2612930625154262,
    1.2088357706864674,
    1.2596618585419237,
    1.2104890947802025,
    1.2126284670411496
  ],
  "val_acc": [
    23.747216035634743,
    17.344097995545656,
    29.64922048997773,
    30.317371937639198,
    30.51224944320713,
    33.157015590200444,
    31.848552338530066,
    35.829621380846326,
    34.270601336302896,
    35.18930957683742,
    35.551224944320715,
    36.49777282850779,
    37.360801781737194,
    40.14476614699332,
    43.09576837416481,
    37.165924276169264,
    42.42761692650334,
    41.31403118040089,
    43.207126948775056,
    41.31403118040089,
    42.3162583518931,
    44.6826280623608,
    45.79621380846325,
    46.32516703786192,
    45.71269487750557,
    45.32293986636971,
    46.52004454342985,
    45.76837416481069,
    47.74498886414254,
    41.119153674832965,
    46.492204899777285,
    46.88195991091314,
    39.365256124721604,
    47.661469933184854,
    46.07461024498886,
    49.55456570155902,
    49.44320712694878,
    49.97216035634744,
    49.220489977728285,
    49.30400890868597,
    50.61247216035635,
    50.974387527839646,
    51.92093541202673,
    51.83741648106904,
    51.7260579064588,
    51.141425389755014,
    52.11581291759465,
    51.614699331848556,
    53.145879732739424,
    53.034521158129174
  ]
}