{
  "train_loss": [
    1.9286218638941834,
    1.8750307666133075,
    1.8562019104872647,
    1.835874134954302,
    1.8172284540632602,
    1.8039721905730153,
    1.773665802169392,
    1.758759089098632,
    1.7343948093686092,
    1.7111933431552566,
    1.6947661046763414,
    1.6614011835505944,
    1.6844204952395296,
    1.642868123588368,
    1.6493505928049257,
    1.6276185021145653,
    1.6084955663778095,
    1.604078433289176,
    1.5920054861000779,
    1.5838813030992756,
    1.586916066914721,
    1.5673446752339526,
    1.558472613796933,
    1.5486470830956185,
    1.536521083526029,
    1.523833334749285,
    1.5265761149748591,
    1.516525462080201,
    1.5007342755339528,
    1.5039355177005738,
    1.4840029098908714,
    1.484909567517482,
    1.4724180073531832,
    1.4690622443157904,
    1.4542647551640906,
    1.480108907204548,
    1.460203450903031,
    1.4584275062454262,
    1.4460871019436203,
    1.4478267372109508,
    1.4364102757310746,
    1.4192916355060257,
    1.4197649286903498,
    1.4065940637928231,
    1.4042795925346647,
    1.3812661026876998,
    1.3968312082096517,
    1.3866714040438335,
    1.375104594624983,
    1.3875206331260332
  ],
  "train_acc": [
    19.118525301588566,
    24.326153601146633,
    26.3606322411116,
    28.327427638651113,
    29.147589282159494,
    31.77529163514751,
    32.69896882589481,
    33.459409961380736,
    34.14420512003822,
    35.57351594537564,
    35.800453875860974,
    36.96699446589959,
    36.84755344985468,
    38.38834255683402,
    38.260938806386115,
    38.36047298642354,
    38.88999482422264,
    39.74598877254449,
    40.20782736791814,
    40.35513795437353,
    40.4029143607915,
    41.107616355456464,
    41.91981526456185,
    41.82824381892742,
    42.47322530556993,
    42.84747382251065,
    42.353784289525024,
    42.811641517697176,
    43.20181550344388,
    43.50439941075766,
    44.28474738225106,
    44.07771628777322,
    44.248915077437594,
    44.70279093840825,
    45.1606481665804,
    44.96954254090855,
    45.88525699725286,
    45.25221961221484,
    46.355058327029504,
    46.30330055341004,
    45.93303340367082,
    46.83680375841064,
    47.211052275351356,
    47.09957399370944,
    47.362344229008244,
    48.23028227893459,
    48.30194688856153,
    48.49703388143489,
    48.84739419516662,
    48.80359915595015
  ],
  "val_loss": [
    1.8451909255563168,
    1.7854614707461574,
    1.7902851491643672,
    1.688090651704554,
    1.6040816578948707,
    1.626420349405523,
    1.5564968711451481,
    1.5343096339911746,
    1.4903511781441539,
    1.4954595712193273,
    1.4877635517664123,
    1.4661245398354112,
    1.4550202436614454,
    1.4464213618061,
    1.4564120084570165,
    1.3911894350721126,
    1.4174071675852726,
    1.3626489952990883,
    1.3514062103472257,
    1.3564715678231758,
    1.386378717527055,
    1.3468492052011323,
    1.336006946731032,
    1.312072661885044,
    1.3724931959520306,
    1.2968293031056721,
    1.3081514500735099,
    1.2991403404035067,
    1.2806875486122935,
    1.2912027563965112,
    1.2700390617052715,
    1.2671047135403282,
    1.2831851557681435,
    1.2786653596058226,
    1.2675317138956304,
    1.2715811243182735,
    1.2254689712273448,
    1.2302729675644322,
    1.2475639027461671,
    1.253794432732097,
    1.198338832771569,
    1.23562669126611,
    1.235139366827513,
    1.2172041953655712,
    1.2246357359384235,
    1.2219170399925166,
    1.221807336598112,
    1.2157114555961208,
    1.227906346321106,
    1.195318039049182
  ],
  "val_acc": [
    26.753897550111358,
    30.818485523385302,
    32.48886414253897,
    34.910913140311806,
    40.33964365256125,
    38.8641425389755,
    42.06570155902004,
    43.54120267260579,
    44.07015590200445,
    41.78730512249443,
    42.39977728285078,
    41.78730512249443,
    44.98886414253897,
    45.406458797327396,
    43.6804008908686,
    45.016703786191535,
    45.462138084632514,
    48.46881959910913,
    48.44097995545657,
    48.134743875278396,
    47.99554565701559,
    48.21826280623608,
    49.136971046770604,
    49.83296213808463,
    47.939866369710465,
    50.584632516703785,
    49.74944320712695,
    50.64031180400891,
    50.89086859688196,
    51.28062360801782,
    51.30846325167038,
    51.33630289532294,
    51.89309576837417,
    50.91870824053452,
    52.19933184855234,
    51.25278396436526,
    53.25723830734967,
    53.786191536748326,
    52.143652561247215,
    52.61692650334076,
    53.507795100222715,
    53.98106904231626,
    52.95100222717149,
    54.39866369710467,
    53.64699331848552,
    53.424276169265035,
    53.56347438752784,
    54.25946547884187,
    54.25946547884187,
    55.707126948775056
  ]
}