{
  "train_loss": [
    1.935095241658257,
    1.9172392310076998,
    1.891952615961167,
    1.8637446043752228,
    1.8418327712527365,
    1.826935281887006,
    1.8045482714364243,
    1.795766908400538,
    1.7709832355266308,
    1.7578162200578296,
    1.7476010049572428,
    1.734889404464314,
    1.722149953284033,
    1.7024912919100308,
    1.6973901004281662,
    1.690435065264617,
    1.6701030327770243,
    1.6495690021199427,
    1.6400793769584054,
    1.6237001045969606,
    1.6098135991860891,
    1.6060604345404161,
    1.592523931243644,
    1.5971752308100537,
    1.5780562690196147,
    1.583361259853567,
    1.5568862865292692,
    1.562559633764602,
    1.5571006175519249,
    1.546135508073802,
    1.5533184765556083,
    1.5526906524905721,
    1.5366067464721718,
    1.5394192230307115,
    1.5290532582285448,
    1.5256429006731844,
    1.5077574098383197,
    1.5256911358457181,
    1.5007340122421886,
    1.5101253628427442,
    1.4902912502677084,
    1.4865842770984155,
    1.4743276977053732,
    1.459944338288926,
    1.4442038317673078,
    1.441494596368484,
    1.4341901977553622,
    1.4338031682652674,
    1.4314275291433165,
    1.4292991290262334
  ],
  "train_acc": [
    18.51733885416252,
    19.182227176812518,
    22.339451367599633,
    26.04212286499184,
    28.06465740335231,
    29.1396265477565,
    29.91997451924991,
    30.68837838913883,
    32.21324202731218,
    33.12099374925349,
    33.594776446231634,
    33.10108691324601,
    33.14090058526098,
    33.55098140701517,
    33.889397619142414,
    34.45077039455349,
    35.358522116494804,
    36.142851455189714,
    36.75598200422025,
    36.92718079388462,
    37.79113747660947,
    37.77521200780348,
    38.141497790341205,
    38.141497790341205,
    39.001473105864555,
    38.94971533224509,
    39.61460365489509,
    39.67830553011904,
    39.582752717283114,
    39.88533662459689,
    39.789783811760955,
    40.036628578253776,
    39.80172791336545,
    40.16403232870167,
    40.51837400963491,
    40.54226221284389,
    41.5933431540391,
    41.119560457060956,
    41.53362264601664,
    41.73269100609149,
    41.8561133893379,
    42.87932476012263,
    42.79571604889119,
    43.9781821077358,
    44.296691483855554,
    43.8388342556834,
    44.33252378866903,
    44.706772305609746,
    44.80630648564717,
    44.53557351594537
  ],
  "val_loss": [
    1.927718156262448,
    1.856624864695365,
    1.867126096758926,
    1.8118280893877934,
    1.7506347727357296,
    1.751976356171725,
    1.7515505437265362,
    1.6711591084798176,
    1.6731513770003068,
    1.5997470669579088,
    1.6986038580275418,
    1.5994664095995719,
    1.6030842855311276,
    1.6023939523780555,
    1.4578180992812442,
    1.6185123481248553,
    1.569497803846995,
    1.548408261516638,
    1.4397243930582415,
    1.4966211214400174,
    1.4358928925112675,
    1.4250930411773814,
    1.4776555623924523,
    1.3995917920480694,
    1.5885273741002668,
    1.4512010342196415,
    1.3757100920928151,
    1.413810620182439,
    1.5278565339874803,
    1.426738377203021,
    1.5454067943388956,
    1.3461035291353862,
    1.3695475009449742,
    1.3956998393200992,
    1.3653882522332041,
    1.333728317628827,
    1.3130722255037541,
    1.328406694688295,
    1.4229581188737301,
    1.3262973134977776,
    1.3607010308064913,
    1.3407488967242993,
    1.3880980793844189,
    1.3401163507971847,
    1.3406621008588557,
    1.300278974729672,
    1.2840304348552436,
    1.3861480376176667,
    1.311220350495556,
    1.3704280581390649
  ],
  "val_acc": [
    17.093541202672604,
    21.43652561247216,
    23.69153674832962,
    29.760579064587972,
    33.602449888641424,
    33.18485523385301,
    32.09910913140312,
    37.24944320712695,
    36.02449888641426,
    39.643652561247215,
    32.516703786191535,
    38.084632516703785,
    38.641425389755014,
    36.16369710467706,
    41.87082405345212,
    36.66481069042316,
    38.25167037861915,
    37.97327394209354,
    42.483296213808465,
    41.42538975501114,
    44.487750556792875,
    43.48552338530067,
    42.483296213808465,
    44.90534521158129,
    37.91759465478842,
    43.23496659242762,
    46.297327394209354,
    43.652561247216035,
    41.453229398663694,
    44.32071269487751,
    39.50445434298441,
    46.74276169265033,
    46.937639198218264,
    45.07238307349666,
    46.68708240534521,
    47.99554565701559,
    48.74721603563474,
    48.74721603563474,
    44.54342984409799,
    47.52227171492205,
    47.021158129175944,
    47.88418708240535,
    46.99331848552338,
    48.10690423162583,
    48.71937639198218,
    49.52672605790646,
    50.25055679287305,
    46.71492204899777,
    49.10913140311804,
    46.15812917594655
  ]
}