{
  "train_loss": [
    1.7229729338759987,
    1.4387494186105316,
    1.4002329032233047,
    1.3422115693868875,
    1.3167703394368102,
    1.2910208548904982,
    1.240949235496327,
    1.1962904719299337,
    1.1510555280073909,
    1.128593299528418,
    1.0841454705815885,
    1.0669343814291723,
    1.0433967013395469,
    1.0116333002959195,
    0.989616957784609,
    0.9672491879560262,
    0.9648626291266531,
    0.9344470306813869,
    0.9230833554085884,
    0.8922406262872177,
    0.88763804320464,
    0.8673724791475834,
    0.838344045495259,
    0.832393883066323,
    0.8241359833390961,
    0.80013410227596,
    0.7836171942206133,
    0.7560262263731192,
    0.7442939558253641,
    0.7235873653233507,
    0.7068345850812267,
    0.7003084200484152,
    0.6919357216995181,
    0.6930333110515702,
    0.6641023888539419,
    0.649752576690897,
    0.6524844277299391,
    0.5920423425866751,
    0.5471633267387482,
    0.5424947360999711,
    0.530553656300819,
    0.529146092083618,
    0.5269457841571658,
    0.5032145084088085,
    0.5099706208053739,
    0.4786485890850766,
    0.4598560331735296,
    0.4665215754402806,
    0.4440789148780226,
    0.45632403632080887
  ],
  "train_acc": [
    34.199944260859176,
    46.27543098299956,
    48.2103754429271,
    49.60783533065255,
    51.75379225225942,
    52.23155631643907,
    53.42596647688816,
    55.78691722737588,
    57.22419078711629,
    58.048333797826174,
    59.10737747342437,
    60.345582673089936,
    60.94278775331449,
    61.74304256081538,
    62.49950232909981,
    63.056893737309395,
    64.11991878010909,
    64.72110522753513,
    65.64080105108094,
    66.10263964645459,
    66.64808695305967,
    67.6673169566429,
    68.2008201616435,
    68.40785125612135,
    69.06875821156986,
    69.84114344866028,
    70.57371501373572,
    71.15897599235578,
    71.9194171278417,
    72.54847314567823,
    73.05012541306685,
    73.43631803161206,
    73.74686467332882,
    73.93398893179918,
    75.0965481546363,
    75.46681530437553,
    75.72958553967432,
    77.97507664131862,
    79.24115141139467,
    79.39642473225305,
    79.9976111796791,
    80.17677270374647,
    80.4037106342318,
    80.92128837042641,
    81.13230083210574,
    81.97635067882311,
    82.53772345423418,
    82.86817693195843,
    83.1787235736752,
    83.25436955050364
  ],
  "val_loss": [
    1.2651481283338446,
    1.1479624431384237,
    1.0985422521306758,
    1.0802505502575321,
    1.048054532000893,
    1.045037432197939,
    0.9927930596627688,
    0.9516544446610568,
    0.9966555812902618,
    0.9658681635271039,
    0.967499878322869,
    0.9790686745392648,
    0.9387246757222895,
    0.9093908531623974,
    0.9103291353635621,
    0.9301093727873083,
    0.9267003347999171,
    0.9009592700422856,
    0.9391897576942778,
    0.9212100678368619,
    0.9341032533792027,
    0.9489387179675856,
    0.9471748544458758,
    0.967516859111033,
    0.9282004367886928,
    0.93497725014101,
    0.974293250263783,
    0.9695218100882413,
    1.0623286993880021,
    1.0217348107120447,
    1.0591051217756773,
    1.0387659266329647,
    1.129656370794564,
    1.1126778533584194,
    1.1863339072779606,
    1.1661331386942613,
    1.1650283033387703,
    1.1500060793600584,
    1.2148900361437547,
    1.2678457383523907,
    1.3098102928253643,
    1.3676098517158575,
    1.3169599970181782,
    1.333012775370949,
    1.3485617747432308,
    1.4385192822991757,
    1.4718315894143623,
    1.4909949762779369,
    1.5175808866818745,
    1.5157346019619389
  ],
  "val_acc": [
    50.863028953229396,
    55.957683741648104,
    60.21714922048998,
    59.799554565701555,
    60.60690423162583,
    61.21937639198218,
    63.69710467706013,
    64.92204899777283,
    63.50222717149221,
    62.97327394209354,
    64.81069042316258,
    65.45100222717149,
    64.92204899777283,
    66.92650334075724,
    66.42538975501114,
    66.06347438752783,
    66.39755011135857,
    66.98218262806236,
    65.81291759465479,
    67.62249443207126,
    67.39977728285078,
    68.73608017817372,
    67.37193763919822,
    67.73385300668151,
    68.48552338530067,
    68.79175946547885,
    68.76391982182628,
    68.0400890868597,
    66.815144766147,
    69.09799554565701,
    69.23719376391982,
    68.0957683741648,
    68.0400890868597,
    67.92873051224944,
    66.64810690423162,
    67.84521158129176,
    67.92873051224944,
    69.34855233853007,
    69.48775055679288,
    69.12583518930958,
    69.01447661469933,
    69.12583518930958,
    68.70824053452115,
    68.37416481069042,
    68.8195991091314,
    69.04231625835189,
    69.84966592427617,
    69.1815144766147,
    69.04231625835189,
    68.90311804008908
  ]
}